property_id,property_name,property_type_model,borough,mean_gap,mean_gap_pct,eui_2024,expected_eui_2024,ghg_2024,ghg_intensity_2024,priority_score
21354537,"H+H_4318_Kings County Hospital: Buildings A, B, C",Hospital (General Medical & Surgical),BROOKLYN,627.590189719452,256.32590663483734,854.8,241.34096933584766,30242.49,45.9,0.9958720330237358
21355919,DEP > BWT_9617_Tallman Island WPCP Campus,Other / Rare,QUEENS,669.3026311375523,316.71687800105224,950.6,220.9949380611442,13310.06,87.96000000000001,0.9881320949432404
21353975,Benchmarking Group - 17,Other / Rare,BRONX,390.41564571859084,232.92767628470204,574.4,163.8366784888251,19684.1,30.67,0.9871001031991744
2741571,"Towers 2,3",Residence Hall/Dormitory,MANHATTAN,503.25459400091347,702.0058855669542,527,74.43722047821085,11742.14,32.8,0.9824561403508771
21355922,DEP > BWT_9608_Coney Island WPCP Campus,Other / Rare,BROOKLYN,299.24357373778395,193.5413178541838,593.2,151.33723957264027,18127.66,58.6,0.9791021671826625
21355911,DEP > BWT_9609_Hunts Point WPCP Campus,Other / Rare,BRONX,275.23434430661666,145.9216459209483,426.8,196.96855850930123,22546.55,44.28,0.9791021671826625
2597674,CBS-513,Office,MANHATTAN,441.6148134231438,596.994782445192,540,73.07523019647653,10293.33,62.15,0.977296181630547
21354831,CUNY CC > QCC_551_Queensborough CC: Science Building,College/University,QUEENS,519.7188942848475,549.0019631517405,629.9,89.60830531179033,9241.39,49.68,0.9754901960784315
4077824,11 Metrotech Center - Brooklyn,Data Center,BROOKLYN,394.7019816987762,522.3572393045079,344.2,188.34686857278055,9867.4,37.89,0.9736842105263157
21354813,H+H_9696_Queens Hospital: Main Building,Hospital (General Medical & Surgical),QUEENS,271.2705956363604,125.54714331956536,500.8,214.4511446582856,14361.36,37.95,0.9721362229102167
25745730,230 East 123rd Street,Multifamily Housing,MANHATTAN,440.9881328895103,621.6609336705884,467.3,70.9572224948689,8413.65,32.91,0.9716202270381837
21028435,Morningside Womans &amp; Babcock West,Hospital (General Medical & Surgical),MANHATTAN,386.8511573670277,171.15733123394992,934.4,226.8002045938376,9320.47,49.63,0.9713622291021672
6454089,15 W. 139th St,Multifamily Housing,MANHATTAN,478.2106328193281,552.2696825634848,663.8,79.93782910915098,6822.610000000001,36.82,0.9680082559339525
21354436,H+H_4296_Jacobi Medical Center: Jacobi Medical Center Staff Residence,Hospital (General Medical & Surgical),BRONX,675.1551166949866,334.9786844895601,931.6,207.56913412674552,5929.2699999999995,107.22,0.9669762641898865
21353705,Benchmarking Group - 105,Manufacturing/Industrial Plant,BROOKLYN,615.6208535527379,715.7713609172022,723.6,100.11334645415333,6022.33,43.34,0.9664602683178534
